<?xml version="1.0" encoding="UTF-8"?>
<!DOCTYPE service-builder PUBLIC "-//Liferay//DTD Service Builder 6.2.0//EN" "http://www.liferay.com/dtd/liferay-service-builder_6_2_0.dtd">
<service-builder package-path="com.jio.portlet.jurys">
	<author>Reliance</author>
	<namespace>GnNext</namespace>

	<entity name="Jurys" local-service="true" remote-service="false">

		<!-- PK fields -->

		<column name="jurysId" type="long" primary="true" id-type="increment" />

		<!-- Other fields -->

		<column name="name" type="String" />
		<column name="companyName" type="String" />
		<column name="category" type="String" />
		<column name="juryImage" type="Long" />
		<column name="shortDescription" type="String" />
		<column name="longDescription" type="String" />
		<column name="number" type="Long" />

		<!-- Group instance -->

		<column name="groupId" type="long" />

		<!-- Audit fields -->

		<column name="companyId" type="long" />
		<column name="createDate" type="Date" />
		<column name="modifiedDate" type="Date" />

	</entity>
</service-builder>