<?xml version="1.0"?>

<model-hints>
	<model name="com.jio.portlet.jurys.model.Jurys">
		<field name="jurysId" type="long" />
		<field name="name" type="String" />
		<field name="companyName" type="String" />
		<field name="category" type="String" />
		<field name="juryImage" type="Long" />
		<field name="shortDescription" type="String">
			<hint name="max-length">4000</hint>
		</field>
		<field name="longDescription" type="String">
			<hint name="max-length">4000</hint>
		</field>
		<field name="number" type="Long" />
		<field name="groupId" type="long" />
		<field name="companyId" type="long" />
		<field name="createDate" type="Date" />
		<field name="modifiedDate" type="Date" />
	</model>
</model-hints>