<?xml version="1.0"?>

<entity-mappings xmlns="http://java.sun.com/xml/ns/persistence/orm" xmlns:xsi="http://www.w3.org/2001/XMLSchema-instance" version="1.0" xsi:schemaLocation="http://java.sun.com/xml/ns/persistence/orm http://java.sun.com/xml/ns/persistence/orm_1_0.xsd">
	<persistence-unit-metadata>
		<xml-mapping-metadata-complete/>
		<persistence-unit-defaults>
			<access>PROPERTY</access>
		</persistence-unit-defaults>
	</persistence-unit-metadata>
	<mapped-superclass class="com.jio.portlet.gallery.model.impl.GalleryModelImpl">
		<attributes>
			<id name="galleryId" />
			<basic name="type">
				<column name="TYPE_" />
			</basic>
			<basic name="thumbnailName" />
			<basic name="name" />
			<basic name="mainCategory" />
			<basic name="projectImagesPath" />
			<basic name="galleryImagesId" />
			<basic name="VideoImagesId" />
			<basic name="thumbnailImagesId" />
			<basic name="isVideo" />
			<basic name="isIMG" />
			<basic name="youTubeLink" />
			<basic name="videosImagPriority" />
			<basic name="gallryImagPriority" />
			<basic name="demoLink" />
			<basic name="liveLink" />
			<basic name="number">
				<column name="NUMBER_" />
			</basic>
			<basic name="createDate">
				<temporal>TIMESTAMP</temporal>
			</basic>
			<basic name="modifiedDate">
				<temporal>TIMESTAMP</temporal>
			</basic>
			<transient name="modelAttributes" />
			<transient name="primaryKey" />
			<transient name="primaryKeyObj" />
		</attributes>
	</mapped-superclass>
	<entity class="com.jio.portlet.gallery.model.impl.GalleryImpl" name="Gallery">
		<table name="rf_Gallery" />
		<attributes />
	</entity>
</entity-mappings>