<?xml version="1.0"?>

<model-hints>
	<hint-collection name="CLOB">
		<hint name="max-length">20000000</hint>
	</hint-collection>
	<model name="com.jio.portlet.gallery.model.Gallery">
		<field name="galleryId" type="long" />
		<field name="type" type="String" />
		<field name="thumbnailName" type="String">
			<hint-collection name="TEXTAREA" />
		</field>
		<field name="name" type="String">
			<hint name="max-length">4000</hint>
		</field>
		<field name="mainCategory" type="String" />
		<field name="projectImagesPath" type="String">
			<hint name="max-length">4000</hint>
		</field>
		<field name="galleryImagesId" type="Long" />
		<field name="VideoImagesId" type="Long" />
		<field name="thumbnailImagesId" type="Long" />
		<field name="isVideo" type="boolean" />
		<field name="isIMG" type="boolean" />
		<field name="youTubeLink" type="boolean" />
		<field name="videosImagPriority" type="boolean" />
		<field name="gallryImagPriority" type="boolean" />
		<field name="demoLink" type="String" />
		<field name="liveLink" type="String" />
		<field name="number" type="long" />
		<field name="createDate" type="Date" />
		<field name="modifiedDate" type="Date" />
	</model>
</model-hints>